episode,reward
1,-200.0
2,-200.0
3,-200.0
4,-200.0
5,-200.0
6,-200.0
7,-200.0
8,-200.0
9,-200.0
10,-200.0
11,-200.0
12,-162.0
13,-200.0
14,-200.0
15,-200.0
16,-200.0
17,-200.0
18,-200.0
19,-200.0
20,-200.0
21,-200.0
22,-200.0
23,-182.0
24,-200.0
25,-200.0
26,-200.0
27,-200.0
28,-200.0
29,-200.0
30,-200.0
31,-200.0
32,-200.0
33,-200.0
34,-200.0
35,-200.0
36,-200.0
37,-180.0
38,-200.0
39,-200.0
40,-200.0
41,-200.0
42,-200.0
43,-200.0
44,-200.0
45,-200.0
46,-200.0
47,-200.0
48,-200.0
49,-200.0
50,-200.0
51,-200.0
52,-200.0
53,-200.0
54,-200.0
55,-200.0
56,-200.0
57,-200.0
58,-200.0
59,-200.0
60,-200.0
61,-200.0
62,-200.0
63,-200.0
64,-200.0
65,-200.0
66,-200.0
67,-200.0
68,-200.0
69,-200.0
70,-200.0
71,-200.0
72,-200.0
73,-200.0
74,-200.0
75,-200.0
76,-200.0
77,-200.0
78,-200.0
79,-200.0
80,-200.0
81,-200.0
82,-200.0
83,-200.0
84,-185.0
85,-146.0
86,-200.0
87,-200.0
88,-200.0
89,-200.0
90,-200.0
91,-200.0
92,-200.0
93,-200.0
94,-172.0
95,-200.0
96,-200.0
97,-200.0
98,-200.0
99,-200.0
100,-200.0
101,-200.0
102,-200.0
103,-200.0
104,-200.0
105,-200.0
106,-200.0
107,-200.0
108,-200.0
109,-200.0
110,-200.0
111,-200.0
112,-200.0
113,-200.0
114,-200.0
115,-200.0
116,-200.0
117,-200.0
118,-200.0
119,-200.0
120,-200.0
121,-200.0
122,-200.0
123,-200.0
124,-200.0
125,-200.0
126,-200.0
127,-200.0
128,-200.0
129,-200.0
130,-200.0
131,-200.0
132,-200.0
133,-200.0
134,-200.0
135,-200.0
136,-200.0
137,-200.0
138,-200.0
139,-200.0
140,-200.0
141,-200.0
142,-200.0
143,-200.0
144,-200.0
145,-200.0
146,-200.0
147,-200.0
148,-200.0
149,-200.0
150,-200.0
151,-200.0
152,-200.0
153,-200.0
154,-200.0
155,-200.0
156,-200.0
157,-153.0
158,-200.0
159,-200.0
160,-200.0
161,-200.0
162,-200.0
163,-200.0
164,-200.0
165,-200.0
166,-200.0
167,-200.0
168,-200.0
169,-200.0
170,-200.0
171,-200.0
172,-200.0
173,-200.0
174,-182.0
175,-200.0
176,-200.0
177,-200.0
178,-200.0
179,-200.0
180,-200.0
181,-200.0
182,-171.0
183,-200.0
184,-200.0
185,-200.0
186,-200.0
187,-200.0
188,-200.0
189,-200.0
190,-200.0
191,-200.0
192,-200.0
193,-200.0
194,-200.0
195,-200.0
196,-200.0
197,-200.0
198,-200.0
199,-200.0
200,-200.0
201,-200.0
202,-200.0
203,-200.0
204,-200.0
205,-200.0
206,-200.0
207,-200.0
208,-200.0
209,-200.0
210,-200.0
211,-200.0
212,-200.0
213,-200.0
214,-200.0
215,-200.0
216,-200.0
217,-200.0
218,-200.0
219,-200.0
220,-200.0
221,-200.0
222,-200.0
223,-200.0
224,-200.0
225,-200.0
226,-200.0
227,-200.0
228,-200.0
229,-200.0
230,-200.0
231,-200.0
232,-200.0
233,-200.0
234,-200.0
235,-200.0
236,-200.0
237,-200.0
238,-200.0
239,-200.0
240,-200.0
241,-200.0
242,-200.0
243,-200.0
244,-190.0
245,-195.0
246,-200.0
247,-200.0
248,-200.0
249,-200.0
250,-200.0
251,-200.0
252,-200.0
253,-200.0
254,-200.0
255,-200.0
256,-200.0
257,-200.0
258,-200.0
259,-200.0
260,-200.0
261,-200.0
262,-200.0
263,-200.0
264,-200.0
265,-200.0
266,-200.0
267,-200.0
268,-200.0
269,-200.0
270,-200.0
271,-200.0
272,-200.0
273,-200.0
274,-200.0
275,-200.0
276,-200.0
277,-200.0
278,-200.0
279,-200.0
280,-200.0
281,-200.0
282,-200.0
283,-187.0
284,-200.0
285,-200.0
286,-200.0
287,-200.0
288,-200.0
289,-200.0
290,-200.0
291,-200.0
292,-200.0
293,-200.0
294,-200.0
295,-200.0
296,-200.0
297,-200.0
298,-200.0
299,-200.0
300,-200.0
301,-200.0
302,-200.0
303,-200.0
304,-190.0
305,-200.0
306,-200.0
307,-167.0
308,-200.0
309,-200.0
310,-200.0
311,-200.0
312,-200.0
313,-200.0
314,-200.0
315,-200.0
316,-200.0
317,-200.0
318,-200.0
319,-200.0
320,-200.0
321,-200.0
322,-200.0
323,-200.0
324,-200.0
325,-200.0
326,-200.0
327,-178.0
328,-200.0
329,-161.0
330,-200.0
331,-200.0
332,-200.0
333,-200.0
334,-200.0
335,-200.0
336,-168.0
337,-200.0
338,-200.0
339,-200.0
340,-200.0
341,-200.0
342,-200.0
343,-200.0
344,-200.0
345,-200.0
346,-159.0
347,-200.0
348,-200.0
349,-200.0
350,-165.0
351,-200.0
352,-165.0
353,-200.0
354,-160.0
355,-200.0
356,-200.0
357,-200.0
358,-200.0
359,-172.0
360,-161.0
361,-200.0
362,-200.0
363,-200.0
364,-170.0
365,-200.0
366,-200.0
367,-200.0
368,-200.0
369,-200.0
370,-167.0
371,-200.0
372,-159.0
373,-170.0
374,-166.0
375,-200.0
376,-200.0
377,-155.0
378,-200.0
379,-177.0
380,-200.0
381,-169.0
382,-173.0
383,-200.0
384,-200.0
385,-159.0
386,-197.0
387,-200.0
388,-174.0
389,-200.0
390,-200.0
391,-200.0
392,-200.0
393,-167.0
394,-158.0
395,-184.0
396,-200.0
397,-200.0
398,-174.0
399,-200.0
400,-170.0
401,-161.0
402,-196.0
403,-189.0
404,-157.0
405,-158.0
406,-200.0
407,-200.0
408,-200.0
409,-200.0
410,-200.0
411,-156.0
412,-156.0
413,-165.0
414,-162.0
415,-192.0
416,-200.0
417,-158.0
418,-200.0
419,-200.0
420,-200.0
421,-200.0
422,-151.0
423,-164.0
424,-200.0
425,-200.0
426,-200.0
427,-156.0
428,-164.0
429,-155.0
430,-162.0
431,-184.0
432,-158.0
433,-160.0
434,-200.0
435,-160.0
436,-162.0
437,-154.0
438,-200.0
439,-158.0
440,-176.0
441,-150.0
442,-153.0
443,-200.0
444,-150.0
445,-147.0
446,-152.0
447,-156.0
448,-150.0
449,-161.0
450,-168.0
451,-164.0
452,-151.0
453,-161.0
454,-154.0
455,-156.0
456,-158.0
457,-148.0
458,-159.0
459,-152.0
460,-158.0
461,-197.0
462,-165.0
463,-145.0
464,-198.0
465,-153.0
466,-161.0
467,-200.0
468,-158.0
469,-148.0
470,-150.0
471,-155.0
472,-153.0
473,-200.0
474,-149.0
475,-200.0
476,-147.0
477,-157.0
478,-200.0
479,-153.0
480,-157.0
481,-164.0
482,-156.0
483,-164.0
484,-149.0
485,-159.0
486,-153.0
487,-144.0
488,-192.0
489,-178.0
490,-152.0
491,-157.0
492,-152.0
493,-167.0
494,-146.0
495,-151.0
496,-163.0
497,-147.0
498,-151.0
499,-200.0
500,-147.0
501,-154.0
502,-169.0
503,-193.0
504,-167.0
505,-162.0
506,-186.0
507,-152.0
508,-150.0
509,-184.0
510,-154.0
511,-184.0
512,-175.0
513,-148.0
514,-160.0
515,-149.0
516,-145.0
517,-159.0
518,-175.0
519,-152.0
520,-149.0
521,-173.0
522,-139.0
523,-147.0
524,-200.0
525,-133.0
526,-200.0
527,-153.0
528,-153.0
529,-149.0
530,-159.0
531,-162.0
532,-188.0
533,-200.0
534,-185.0
535,-145.0
536,-192.0
537,-122.0
538,-173.0
539,-200.0
540,-127.0
541,-113.0
542,-133.0
543,-117.0
544,-154.0
545,-133.0
546,-152.0
547,-121.0
548,-158.0
549,-155.0
550,-162.0
551,-197.0
552,-125.0
553,-168.0
554,-121.0
555,-200.0
556,-148.0
557,-119.0
558,-200.0
559,-126.0
560,-132.0
561,-158.0
562,-117.0
563,-127.0
564,-163.0
565,-165.0
566,-200.0
567,-125.0
568,-124.0
569,-200.0
570,-154.0
571,-129.0
572,-156.0
573,-122.0
574,-114.0
575,-153.0
576,-148.0
577,-120.0
578,-157.0
579,-125.0
580,-127.0
581,-123.0
582,-116.0
583,-196.0
584,-162.0
585,-115.0
586,-123.0
587,-195.0
588,-131.0
589,-135.0
590,-200.0
591,-120.0
592,-131.0
593,-118.0
594,-152.0
595,-168.0
596,-151.0
597,-114.0
598,-120.0
599,-126.0
600,-148.0
601,-120.0
602,-115.0
603,-113.0
604,-118.0
605,-147.0
606,-121.0
607,-154.0
608,-185.0
609,-159.0
610,-157.0
611,-200.0
612,-112.0
613,-112.0
614,-119.0
615,-182.0
616,-191.0
617,-121.0
618,-196.0
619,-115.0
620,-127.0
621,-98.0
622,-122.0
623,-118.0
624,-116.0
625,-94.0
626,-116.0
627,-132.0
628,-126.0
629,-125.0
630,-122.0
631,-179.0
632,-156.0
633,-197.0
634,-119.0
635,-111.0
636,-115.0
637,-200.0
638,-187.0
639,-189.0
640,-126.0
641,-124.0
642,-134.0
643,-156.0
644,-117.0
645,-110.0
646,-155.0
647,-145.0
648,-135.0
649,-112.0
650,-123.0
651,-114.0
652,-118.0
653,-112.0
654,-157.0
655,-159.0
656,-123.0
657,-115.0
658,-152.0
659,-90.0
660,-144.0
661,-114.0
662,-127.0
663,-126.0
664,-117.0
665,-143.0
666,-115.0
667,-115.0
668,-145.0
669,-117.0
670,-111.0
671,-152.0
672,-117.0
673,-173.0
674,-143.0
675,-182.0
676,-115.0
677,-151.0
678,-116.0
679,-113.0
680,-114.0
681,-180.0
682,-158.0
683,-166.0
684,-117.0
685,-113.0
686,-122.0
687,-118.0
688,-124.0
689,-114.0
690,-120.0
691,-123.0
692,-117.0
693,-137.0
694,-119.0
695,-124.0
696,-121.0
697,-137.0
698,-115.0
699,-118.0
700,-117.0
701,-200.0
702,-118.0
703,-116.0
704,-155.0
705,-126.0
706,-117.0
707,-123.0
708,-114.0
709,-132.0
710,-115.0
711,-200.0
712,-120.0
713,-116.0
714,-101.0
715,-123.0
716,-150.0
717,-120.0
718,-121.0
719,-121.0
720,-138.0
721,-145.0
722,-115.0
723,-121.0
724,-128.0
725,-120.0
726,-124.0
727,-114.0
728,-119.0
729,-186.0
730,-120.0
731,-135.0
732,-125.0
733,-144.0
734,-121.0
735,-124.0
736,-122.0
737,-117.0
738,-123.0
739,-117.0
740,-124.0
741,-125.0
742,-128.0
743,-116.0
744,-121.0
745,-136.0
746,-120.0
747,-140.0
748,-119.0
749,-125.0
750,-123.0
751,-145.0
752,-200.0
753,-117.0
754,-197.0
755,-119.0
756,-118.0
757,-119.0
758,-119.0
759,-121.0
760,-153.0
761,-122.0
762,-130.0
763,-119.0
764,-119.0
765,-120.0
766,-125.0
767,-104.0
768,-171.0
769,-128.0
770,-173.0
771,-120.0
772,-124.0
773,-118.0
774,-114.0
775,-115.0
776,-117.0
777,-120.0
778,-122.0
779,-125.0
780,-116.0
781,-103.0
782,-114.0
783,-121.0
784,-122.0
785,-180.0
786,-169.0
787,-114.0
788,-114.0
789,-158.0
790,-149.0
791,-121.0
792,-155.0
793,-113.0
794,-114.0
795,-113.0
796,-117.0
797,-111.0
798,-176.0
799,-110.0
800,-114.0
801,-200.0
802,-118.0
803,-117.0
804,-113.0
805,-121.0
806,-112.0
807,-142.0
808,-176.0
809,-148.0
810,-134.0
811,-112.0
812,-113.0
813,-113.0
814,-145.0
815,-120.0
816,-114.0
817,-111.0
818,-134.0
819,-117.0
820,-111.0
821,-160.0
822,-150.0
823,-113.0
824,-108.0
825,-141.0
826,-170.0
827,-139.0
828,-145.0
829,-142.0
830,-109.0
831,-118.0
832,-112.0
833,-145.0
834,-113.0
835,-168.0
836,-111.0
837,-102.0
838,-138.0
839,-86.0
840,-148.0
841,-139.0
842,-185.0
843,-112.0
844,-113.0
845,-166.0
846,-141.0
847,-112.0
848,-114.0
849,-200.0
850,-194.0
851,-162.0
852,-88.0
853,-152.0
854,-118.0
855,-110.0
856,-112.0
857,-115.0
858,-115.0
859,-83.0
860,-110.0
861,-114.0
862,-115.0
863,-117.0
864,-112.0
865,-114.0
866,-105.0
867,-199.0
868,-117.0
869,-170.0
870,-196.0
871,-157.0
872,-115.0
873,-118.0
874,-164.0
875,-125.0
876,-158.0
877,-87.0
878,-137.0
879,-107.0
880,-154.0
881,-168.0
882,-149.0
883,-107.0
884,-122.0
885,-191.0
886,-158.0
887,-141.0
888,-135.0
889,-121.0
890,-108.0
891,-149.0
892,-161.0
893,-152.0
894,-97.0
895,-147.0
896,-154.0
897,-99.0
898,-138.0
899,-162.0
900,-147.0
901,-148.0
902,-138.0
903,-155.0
904,-145.0
905,-150.0
906,-92.0
907,-146.0
908,-114.0
909,-107.0
910,-147.0
911,-152.0
912,-141.0
913,-158.0
914,-95.0
915,-157.0
916,-148.0
917,-160.0
918,-166.0
919,-150.0
920,-146.0
921,-158.0
922,-155.0
923,-93.0
924,-143.0
925,-158.0
926,-155.0
927,-96.0
928,-148.0
929,-166.0
930,-152.0
931,-150.0
932,-163.0
933,-153.0
934,-167.0
935,-166.0
936,-159.0
937,-152.0
938,-161.0
939,-151.0
940,-157.0
941,-152.0
942,-86.0
943,-146.0
944,-150.0
945,-163.0
946,-151.0
947,-151.0
948,-156.0
949,-110.0
950,-149.0
951,-156.0
952,-162.0
953,-152.0
954,-161.0
955,-147.0
956,-153.0
957,-91.0
958,-152.0
959,-150.0
960,-158.0
961,-151.0
962,-150.0
963,-147.0
964,-156.0
965,-162.0
966,-164.0
967,-152.0
968,-148.0
969,-163.0
970,-160.0
971,-153.0
972,-151.0
973,-98.0
974,-157.0
975,-153.0
976,-156.0
977,-146.0
978,-158.0
979,-170.0
980,-86.0
981,-103.0
982,-158.0
983,-104.0
984,-170.0
985,-157.0
986,-141.0
987,-157.0
988,-164.0
989,-172.0
990,-155.0
991,-162.0
992,-154.0
993,-152.0
994,-159.0
995,-88.0
996,-160.0
997,-110.0
998,-153.0
999,-140.0
1000,-149.0
1001,-178.0
1002,-131.0
1003,-156.0
1004,-152.0
1005,-178.0
1006,-111.0
1007,-111.0
1008,-158.0
1009,-141.0
1010,-169.0
1011,-113.0
1012,-110.0
1013,-126.0
1014,-113.0
1015,-111.0
1016,-163.0
1017,-109.0
1018,-178.0
1019,-101.0
1020,-109.0
1021,-119.0
1022,-117.0
1023,-138.0
1024,-110.0
1025,-110.0
1026,-139.0
1027,-125.0
1028,-108.0
1029,-125.0
1030,-111.0
1031,-120.0
1032,-112.0
1033,-113.0
1034,-113.0
1035,-111.0
1036,-102.0
1037,-192.0
1038,-116.0
1039,-134.0
1040,-116.0
1041,-107.0
1042,-109.0
1043,-113.0
1044,-107.0
1045,-111.0
1046,-123.0
1047,-164.0
1048,-159.0
1049,-87.0
1050,-168.0
1051,-126.0
1052,-118.0
1053,-92.0
1054,-109.0
1055,-189.0
1056,-165.0
1057,-135.0
1058,-179.0
1059,-164.0
1060,-126.0
1061,-131.0
1062,-99.0
1063,-110.0
1064,-114.0
1065,-116.0
1066,-110.0
1067,-107.0
1068,-106.0
1069,-192.0
1070,-109.0
1071,-172.0
1072,-128.0
1073,-111.0
1074,-113.0
1075,-109.0
1076,-111.0
1077,-97.0
1078,-129.0
1079,-110.0
1080,-94.0
1081,-137.0
1082,-103.0
1083,-109.0
1084,-110.0
1085,-158.0
1086,-109.0
1087,-113.0
1088,-127.0
1089,-182.0
1090,-109.0
1091,-105.0
1092,-125.0
1093,-156.0
1094,-161.0
1095,-186.0
1096,-120.0
1097,-116.0
1098,-111.0
1099,-110.0
1100,-117.0
1101,-149.0
1102,-107.0
1103,-99.0
1104,-152.0
1105,-97.0
1106,-116.0
1107,-107.0
1108,-114.0
1109,-94.0
1110,-91.0
1111,-94.0
1112,-108.0
1113,-129.0
1114,-106.0
1115,-110.0
1116,-97.0
1117,-165.0
1118,-109.0
1119,-167.0
1120,-153.0
1121,-86.0
1122,-157.0
1123,-157.0
1124,-114.0
1125,-171.0
1126,-110.0
1127,-86.0
1128,-102.0
1129,-110.0
1130,-154.0
1131,-105.0
1132,-116.0
1133,-111.0
1134,-121.0
1135,-90.0
1136,-118.0
1137,-116.0
1138,-116.0
1139,-90.0
1140,-99.0
1141,-114.0
1142,-93.0
1143,-121.0
1144,-171.0
1145,-156.0
1146,-173.0
1147,-163.0
1148,-87.0
1149,-89.0
1150,-98.0
1151,-86.0
1152,-165.0
1153,-124.0
1154,-119.0
1155,-120.0
1156,-89.0
1157,-123.0
1158,-170.0
1159,-162.0
1160,-88.0
1161,-168.0
1162,-124.0
1163,-87.0
1164,-94.0
1165,-156.0
1166,-157.0
1167,-153.0
1168,-116.0
1169,-119.0
1170,-162.0
1171,-171.0
1172,-93.0
1173,-162.0
1174,-90.0
1175,-91.0
1176,-88.0
1177,-185.0
1178,-125.0
1179,-156.0
1180,-92.0
1181,-116.0
1182,-89.0
1183,-124.0
1184,-89.0
1185,-117.0
1186,-159.0
1187,-158.0
1188,-154.0
1189,-158.0
1190,-155.0
1191,-158.0
1192,-89.0
1193,-88.0
1194,-94.0
1195,-161.0
1196,-159.0
1197,-90.0
1198,-112.0
1199,-168.0
1200,-97.0
1201,-86.0
1202,-105.0
1203,-156.0
1204,-172.0
1205,-89.0
1206,-99.0
1207,-92.0
1208,-157.0
1209,-116.0
1210,-153.0
1211,-128.0
1212,-169.0
1213,-86.0
1214,-186.0
1215,-118.0
1216,-90.0
1217,-110.0
1218,-154.0
1219,-165.0
1220,-166.0
1221,-159.0
1222,-155.0
1223,-161.0
1224,-165.0
1225,-155.0
1226,-96.0
1227,-95.0
1228,-88.0
1229,-116.0
1230,-158.0
1231,-86.0
1232,-95.0
1233,-88.0
1234,-156.0
1235,-97.0
1236,-110.0
1237,-115.0
1238,-165.0
1239,-156.0
1240,-161.0
1241,-113.0
1242,-115.0
1243,-86.0
1244,-167.0
1245,-115.0
1246,-115.0
1247,-114.0
1248,-112.0
1249,-116.0
1250,-87.0
1251,-92.0
1252,-93.0
1253,-118.0
1254,-118.0
1255,-167.0
1256,-114.0
1257,-120.0
1258,-125.0
1259,-122.0
1260,-92.0
1261,-121.0
1262,-120.0
1263,-86.0
1264,-159.0
1265,-119.0
1266,-127.0
1267,-123.0
1268,-127.0
1269,-164.0
1270,-115.0
1271,-126.0
1272,-163.0
1273,-157.0
1274,-123.0
1275,-124.0
1276,-115.0
1277,-114.0
1278,-114.0
1279,-115.0
1280,-183.0
1281,-129.0
1282,-102.0
1283,-92.0
1284,-118.0
1285,-120.0
1286,-90.0
1287,-124.0
1288,-115.0
1289,-114.0
1290,-125.0
1291,-113.0
1292,-114.0
1293,-88.0
1294,-116.0
1295,-86.0
1296,-115.0
1297,-107.0
1298,-117.0
1299,-89.0
1300,-120.0
1301,-114.0
1302,-160.0
1303,-119.0
1304,-88.0
1305,-103.0
1306,-88.0
1307,-164.0
1308,-174.0
1309,-94.0
1310,-119.0
1311,-111.0
1312,-116.0
1313,-119.0
1314,-122.0
1315,-112.0
1316,-179.0
1317,-83.0
1318,-122.0
1319,-119.0
1320,-110.0
1321,-114.0
1322,-115.0
1323,-117.0
1324,-159.0
1325,-119.0
1326,-109.0
1327,-119.0
1328,-113.0
1329,-102.0
1330,-110.0
1331,-119.0
1332,-120.0
1333,-109.0
1334,-112.0
1335,-110.0
1336,-109.0
1337,-110.0
1338,-113.0
1339,-115.0
1340,-91.0
1341,-109.0
1342,-119.0
1343,-88.0
1344,-117.0
1345,-114.0
1346,-118.0
1347,-121.0
1348,-110.0
1349,-109.0
1350,-88.0
1351,-111.0
1352,-100.0
1353,-110.0
1354,-118.0
1355,-112.0
1356,-106.0
1357,-87.0
1358,-116.0
1359,-121.0
1360,-107.0
1361,-106.0
1362,-107.0
1363,-109.0
1364,-106.0
1365,-108.0
1366,-110.0
1367,-108.0
1368,-99.0
1369,-143.0
1370,-108.0
1371,-121.0
1372,-87.0
1373,-126.0
1374,-197.0
1375,-89.0
1376,-114.0
1377,-109.0
1378,-112.0
1379,-109.0
1380,-97.0
1381,-123.0
1382,-115.0
1383,-118.0
1384,-109.0
1385,-90.0
1386,-107.0
1387,-95.0
1388,-106.0
1389,-112.0
1390,-125.0
1391,-85.0
1392,-98.0
1393,-90.0
1394,-86.0
1395,-121.0
1396,-94.0
1397,-107.0
1398,-88.0
1399,-117.0
1400,-120.0
1401,-91.0
1402,-108.0
1403,-85.0
1404,-121.0
1405,-179.0
1406,-115.0
1407,-115.0
1408,-86.0
1409,-109.0
1410,-113.0
1411,-108.0
1412,-91.0
1413,-84.0
1414,-115.0
1415,-106.0
1416,-155.0
1417,-85.0
1418,-106.0
1419,-105.0
1420,-107.0
1421,-86.0
1422,-112.0
1423,-107.0
1424,-108.0
1425,-91.0
1426,-110.0
1427,-86.0
1428,-108.0
1429,-84.0
1430,-94.0
1431,-113.0
1432,-108.0
1433,-105.0
1434,-122.0
1435,-105.0
1436,-109.0
1437,-105.0
1438,-86.0
1439,-116.0
1440,-89.0
1441,-111.0
1442,-108.0
1443,-115.0
1444,-118.0
1445,-89.0
1446,-87.0
1447,-104.0
1448,-110.0
1449,-106.0
1450,-88.0
1451,-116.0
1452,-88.0
1453,-110.0
1454,-112.0
1455,-122.0
1456,-111.0
1457,-114.0
1458,-117.0
1459,-116.0
1460,-112.0
1461,-108.0
1462,-100.0
1463,-85.0
1464,-89.0
1465,-89.0
1466,-107.0
1467,-120.0
1468,-108.0
1469,-123.0
1470,-105.0
1471,-108.0
1472,-86.0
1473,-94.0
1474,-104.0
1475,-125.0
1476,-109.0
1477,-97.0
1478,-84.0
1479,-110.0
1480,-117.0
1481,-114.0
1482,-106.0
1483,-100.0
1484,-105.0
1485,-190.0
1486,-109.0
1487,-167.0
1488,-106.0
1489,-99.0
1490,-200.0
1491,-86.0
1492,-91.0
1493,-107.0
1494,-110.0
1495,-104.0
1496,-121.0
1497,-187.0
1498,-84.0
1499,-119.0
1500,-102.0
1501,-150.0
1502,-97.0
1503,-119.0
1504,-155.0
1505,-112.0
1506,-106.0
1507,-122.0
1508,-108.0
1509,-87.0
1510,-91.0
1511,-112.0
1512,-120.0
1513,-121.0
1514,-98.0
1515,-108.0
1516,-94.0
1517,-87.0
1518,-108.0
1519,-87.0
1520,-121.0
1521,-113.0
1522,-85.0
1523,-86.0
1524,-176.0
1525,-156.0
1526,-87.0
1527,-195.0
1528,-118.0
1529,-154.0
1530,-124.0
1531,-114.0
1532,-87.0
1533,-115.0
1534,-116.0
1535,-113.0
1536,-113.0
1537,-88.0
1538,-110.0
1539,-148.0
1540,-185.0
1541,-114.0
1542,-111.0
1543,-103.0
1544,-160.0
1545,-99.0
1546,-110.0
1547,-86.0
1548,-85.0
1549,-156.0
1550,-114.0
1551,-100.0
1552,-110.0
1553,-86.0
1554,-171.0
1555,-88.0
1556,-87.0
1557,-97.0
1558,-91.0
1559,-119.0
1560,-151.0
1561,-187.0
1562,-114.0
1563,-109.0
1564,-86.0
1565,-111.0
1566,-84.0
1567,-84.0
1568,-86.0
1569,-115.0
1570,-89.0
1571,-153.0
1572,-123.0
1573,-103.0
1574,-88.0
1575,-108.0
1576,-152.0
1577,-107.0
1578,-95.0
1579,-91.0
1580,-87.0
1581,-117.0
1582,-94.0
1583,-152.0
1584,-108.0
1585,-88.0
1586,-191.0
1587,-89.0
1588,-108.0
1589,-109.0
1590,-88.0
1591,-87.0
1592,-87.0
1593,-114.0
1594,-106.0
1595,-117.0
1596,-96.0
1597,-109.0
1598,-106.0
1599,-112.0
1600,-116.0
1601,-116.0
1602,-111.0
1603,-107.0
1604,-169.0
1605,-148.0
1606,-95.0
1607,-121.0
1608,-109.0
1609,-113.0
1610,-119.0
1611,-106.0
1612,-116.0
1613,-113.0
1614,-170.0
1615,-89.0
1616,-114.0
1617,-119.0
1618,-148.0
1619,-109.0
1620,-114.0
1621,-116.0
1622,-112.0
1623,-151.0
1624,-115.0
1625,-109.0
1626,-85.0
1627,-110.0
1628,-91.0
1629,-109.0
1630,-91.0
1631,-116.0
1632,-117.0
1633,-105.0
1634,-118.0
1635,-95.0
1636,-98.0
1637,-110.0
1638,-154.0
1639,-167.0
1640,-110.0
1641,-113.0
1642,-114.0
1643,-117.0
1644,-120.0
1645,-112.0
1646,-94.0
1647,-113.0
1648,-85.0
1649,-99.0
1650,-112.0
1651,-163.0
1652,-90.0
1653,-113.0
1654,-118.0
1655,-93.0
1656,-117.0
1657,-113.0
1658,-168.0
1659,-86.0
1660,-98.0
1661,-90.0
1662,-95.0
1663,-114.0
1664,-112.0
1665,-114.0
1666,-116.0
1667,-116.0
1668,-118.0
1669,-84.0
1670,-119.0
1671,-114.0
1672,-113.0
1673,-106.0
1674,-115.0
1675,-91.0
1676,-90.0
1677,-111.0
1678,-167.0
1679,-87.0
1680,-120.0
1681,-91.0
1682,-164.0
1683,-162.0
1684,-114.0
1685,-108.0
1686,-115.0
1687,-171.0
1688,-158.0
1689,-109.0
1690,-114.0
1691,-87.0
1692,-111.0
1693,-115.0
1694,-112.0
1695,-162.0
1696,-169.0
1697,-108.0
1698,-110.0
1699,-155.0
1700,-119.0
1701,-116.0
1702,-118.0
1703,-111.0
1704,-92.0
1705,-155.0
1706,-155.0
1707,-92.0
1708,-116.0
1709,-116.0
1710,-111.0
1711,-88.0
1712,-86.0
1713,-104.0
1714,-97.0
1715,-154.0
1716,-115.0
1717,-113.0
1718,-161.0
1719,-109.0
1720,-114.0
1721,-107.0
1722,-117.0
1723,-106.0
1724,-111.0
1725,-88.0
1726,-87.0
1727,-86.0
1728,-113.0
1729,-120.0
1730,-199.0
1731,-145.0
1732,-103.0
1733,-116.0
1734,-89.0
1735,-108.0
1736,-84.0
1737,-118.0
1738,-86.0
1739,-94.0
1740,-158.0
1741,-116.0
1742,-110.0
1743,-117.0
1744,-83.0
1745,-84.0
1746,-124.0
1747,-156.0
1748,-106.0
1749,-117.0
1750,-159.0
1751,-84.0
1752,-95.0
1753,-129.0
1754,-168.0
1755,-110.0
1756,-83.0
1757,-118.0
1758,-86.0
1759,-83.0
1760,-121.0
1761,-89.0
1762,-124.0
1763,-86.0
1764,-157.0
1765,-87.0
1766,-112.0
1767,-119.0
1768,-90.0
1769,-88.0
1770,-118.0
1771,-88.0
1772,-88.0
1773,-108.0
1774,-101.0
1775,-100.0
1776,-117.0
1777,-84.0
1778,-151.0
1779,-117.0
1780,-119.0
1781,-116.0
1782,-117.0
1783,-114.0
1784,-86.0
1785,-95.0
1786,-121.0
1787,-126.0
1788,-124.0
1789,-119.0
1790,-85.0
1791,-88.0
1792,-117.0
1793,-100.0
1794,-85.0
1795,-117.0
1796,-120.0
1797,-167.0
1798,-151.0
1799,-119.0
1800,-161.0
1801,-84.0
1802,-123.0
1803,-91.0
1804,-109.0
1805,-116.0
1806,-113.0
1807,-119.0
1808,-85.0
1809,-120.0
1810,-125.0
1811,-87.0
1812,-115.0
1813,-126.0
1814,-125.0
1815,-114.0
1816,-121.0
1817,-122.0
1818,-116.0
1819,-118.0
1820,-104.0
1821,-102.0
1822,-120.0
1823,-92.0
1824,-98.0
1825,-114.0
1826,-115.0
1827,-123.0
1828,-114.0
1829,-96.0
1830,-117.0
1831,-121.0
1832,-86.0
1833,-87.0
1834,-112.0
1835,-113.0
1836,-115.0
1837,-121.0
1838,-116.0
1839,-116.0
1840,-116.0
1841,-118.0
1842,-116.0
1843,-87.0
1844,-118.0
1845,-86.0
1846,-118.0
1847,-120.0
1848,-92.0
1849,-123.0
1850,-114.0
1851,-117.0
1852,-118.0
1853,-83.0
1854,-115.0
1855,-117.0
1856,-116.0
1857,-117.0
1858,-120.0
1859,-85.0
1860,-119.0
1861,-120.0
1862,-112.0
1863,-117.0
1864,-113.0
1865,-110.0
1866,-115.0
1867,-116.0
1868,-114.0
1869,-114.0
1870,-99.0
1871,-91.0
1872,-85.0
1873,-85.0
1874,-118.0
1875,-117.0
1876,-123.0
1877,-85.0
1878,-116.0
1879,-90.0
1880,-94.0
1881,-109.0
1882,-113.0
1883,-116.0
1884,-89.0
1885,-123.0
1886,-83.0
1887,-165.0
1888,-172.0
1889,-122.0
1890,-109.0
1891,-109.0
1892,-107.0
1893,-84.0
1894,-115.0
1895,-108.0
1896,-104.0
1897,-87.0
1898,-177.0
1899,-117.0
1900,-90.0
1901,-102.0
1902,-109.0
1903,-173.0
1904,-112.0
1905,-90.0
1906,-94.0
1907,-94.0
1908,-104.0
1909,-108.0
1910,-109.0
1911,-171.0
1912,-97.0
1913,-111.0
1914,-107.0
1915,-106.0
1916,-171.0
1917,-111.0
1918,-175.0
1919,-111.0
1920,-105.0
1921,-104.0
1922,-104.0
1923,-109.0
1924,-116.0
1925,-163.0
1926,-86.0
1927,-107.0
1928,-86.0
1929,-109.0
1930,-110.0
1931,-110.0
1932,-161.0
1933,-85.0
1934,-164.0
1935,-85.0
1936,-91.0
1937,-121.0
1938,-164.0
1939,-84.0
1940,-176.0
1941,-107.0
1942,-109.0
1943,-119.0
1944,-86.0
1945,-109.0
1946,-110.0
1947,-88.0
1948,-104.0
1949,-87.0
1950,-84.0
1951,-89.0
1952,-104.0
1953,-96.0
1954,-109.0
1955,-112.0
1956,-108.0
1957,-113.0
1958,-83.0
1959,-100.0
1960,-161.0
1961,-106.0
1962,-179.0
1963,-160.0
1964,-102.0
1965,-84.0
1966,-95.0
1967,-171.0
1968,-91.0
1969,-121.0
1970,-108.0
1971,-88.0
1972,-106.0
1973,-95.0
1974,-94.0
1975,-88.0
1976,-187.0
1977,-84.0
1978,-92.0
1979,-120.0
1980,-109.0
1981,-88.0
1982,-84.0
1983,-159.0
1984,-157.0
1985,-89.0
1986,-113.0
1987,-93.0
1988,-93.0
1989,-158.0
1990,-84.0
1991,-113.0
1992,-88.0
1993,-156.0
1994,-163.0
1995,-111.0
1996,-119.0
1997,-109.0
1998,-110.0
1999,-156.0
2000,-90.0
2001,-111.0
2002,-97.0
2003,-159.0
2004,-191.0
2005,-151.0
2006,-113.0
2007,-158.0
2008,-103.0
2009,-91.0
2010,-159.0
2011,-160.0
2012,-89.0
2013,-158.0
2014,-90.0
2015,-94.0
2016,-161.0
2017,-118.0
2018,-200.0
2019,-158.0
2020,-86.0
2021,-167.0
2022,-159.0
2023,-83.0
2024,-164.0
2025,-113.0
2026,-162.0
2027,-161.0
2028,-160.0
2029,-87.0
2030,-150.0
2031,-156.0
2032,-160.0
2033,-87.0
2034,-160.0
2035,-84.0
2036,-161.0
2037,-97.0
2038,-104.0
2039,-116.0
2040,-171.0
2041,-193.0
2042,-115.0
2043,-84.0
2044,-163.0
2045,-160.0
2046,-149.0
2047,-91.0
2048,-99.0
2049,-159.0
2050,-155.0
2051,-121.0
2052,-159.0
2053,-90.0
2054,-92.0
2055,-150.0
2056,-116.0
2057,-148.0
2058,-161.0
2059,-155.0
2060,-155.0
2061,-151.0
2062,-151.0
2063,-87.0
2064,-153.0
2065,-171.0
2066,-110.0
2067,-139.0
2068,-152.0
2069,-113.0
2070,-155.0
2071,-102.0
2072,-158.0
2073,-97.0
2074,-161.0
2075,-154.0
2076,-158.0
2077,-95.0
2078,-90.0
2079,-160.0
2080,-152.0
2081,-156.0
2082,-86.0
2083,-152.0
2084,-88.0
2085,-153.0
2086,-148.0
2087,-152.0
2088,-106.0
2089,-173.0
2090,-94.0
2091,-114.0
2092,-117.0
2093,-100.0
2094,-87.0
2095,-91.0
2096,-102.0
2097,-124.0
2098,-177.0
2099,-155.0
2100,-94.0
2101,-156.0
2102,-178.0
2103,-91.0
2104,-147.0
2105,-100.0
2106,-113.0
2107,-113.0
2108,-151.0
2109,-116.0
2110,-146.0
2111,-147.0
2112,-112.0
2113,-90.0
2114,-147.0
2115,-88.0
2116,-177.0
2117,-85.0
2118,-118.0
2119,-150.0
2120,-149.0
2121,-146.0
2122,-178.0
2123,-145.0
2124,-154.0
2125,-115.0
2126,-116.0
2127,-94.0
2128,-146.0
2129,-91.0
2130,-115.0
2131,-149.0
2132,-114.0
2133,-116.0
2134,-150.0
2135,-146.0
2136,-145.0
2137,-88.0
2138,-94.0
2139,-89.0
2140,-150.0
2141,-146.0
2142,-146.0
2143,-158.0
2144,-146.0
2145,-93.0
2146,-108.0
2147,-109.0
2148,-113.0
2149,-95.0
2150,-107.0
2151,-120.0
2152,-114.0
2153,-141.0
2154,-108.0
2155,-111.0
2156,-142.0
2157,-142.0
2158,-107.0
2159,-170.0
2160,-142.0
2161,-141.0
2162,-148.0
2163,-144.0
2164,-115.0
2165,-166.0
2166,-155.0
2167,-197.0
2168,-142.0
2169,-107.0
2170,-112.0
2171,-164.0
2172,-178.0
2173,-109.0
2174,-110.0
2175,-146.0
2176,-117.0
2177,-112.0
2178,-110.0
2179,-117.0
2180,-112.0
2181,-113.0
2182,-178.0
2183,-108.0
2184,-117.0
2185,-116.0
2186,-142.0
2187,-112.0
2188,-86.0
2189,-113.0
2190,-146.0
2191,-85.0
2192,-116.0
2193,-113.0
2194,-115.0
2195,-116.0
2196,-92.0
2197,-112.0
2198,-112.0
2199,-117.0
2200,-112.0
2201,-108.0
2202,-98.0
2203,-113.0
2204,-114.0
2205,-113.0
2206,-114.0
2207,-115.0
2208,-116.0
2209,-112.0
2210,-110.0
2211,-115.0
2212,-110.0
2213,-112.0
2214,-112.0
2215,-108.0
2216,-112.0
2217,-118.0
2218,-117.0
2219,-112.0
2220,-116.0
2221,-115.0
2222,-111.0
2223,-88.0
2224,-113.0
2225,-114.0
2226,-110.0
2227,-110.0
2228,-114.0
2229,-112.0
2230,-110.0
2231,-109.0
2232,-113.0
2233,-111.0
2234,-111.0
2235,-111.0
2236,-112.0
2237,-95.0
2238,-86.0
2239,-110.0
2240,-107.0
2241,-113.0
2242,-104.0
2243,-108.0
2244,-88.0
2245,-109.0
2246,-112.0
2247,-110.0
2248,-112.0
2249,-87.0
2250,-84.0
2251,-108.0
2252,-108.0
2253,-108.0
2254,-111.0
2255,-124.0
2256,-108.0
2257,-107.0
2258,-109.0
2259,-107.0
2260,-111.0
2261,-106.0
2262,-109.0
2263,-86.0
2264,-90.0
2265,-110.0
2266,-109.0
2267,-109.0
2268,-89.0
2269,-106.0
2270,-106.0
2271,-105.0
2272,-114.0
2273,-108.0
2274,-106.0
2275,-107.0
2276,-106.0
2277,-105.0
2278,-88.0
2279,-112.0
2280,-114.0
2281,-114.0
2282,-111.0
2283,-108.0
2284,-105.0
2285,-108.0
2286,-110.0
2287,-117.0
2288,-109.0
2289,-110.0
2290,-106.0
2291,-111.0
2292,-108.0
2293,-109.0
2294,-139.0
2295,-103.0
2296,-107.0
2297,-104.0
2298,-108.0
2299,-110.0
2300,-103.0
2301,-109.0
2302,-106.0
2303,-117.0
2304,-106.0
2305,-108.0
2306,-103.0
2307,-111.0
2308,-116.0
2309,-109.0
2310,-186.0
2311,-116.0
2312,-115.0
2313,-114.0
2314,-104.0
2315,-101.0
2316,-105.0
2317,-109.0
2318,-112.0
2319,-107.0
2320,-108.0
2321,-105.0
2322,-106.0
2323,-105.0
2324,-103.0
2325,-97.0
2326,-110.0
2327,-122.0
2328,-167.0
2329,-105.0
2330,-106.0
2331,-104.0
2332,-100.0
2333,-84.0
2334,-88.0
2335,-105.0
2336,-100.0
2337,-88.0
2338,-127.0
2339,-95.0
2340,-108.0
2341,-108.0
2342,-116.0
2343,-100.0
2344,-105.0
2345,-121.0
2346,-115.0
2347,-106.0
2348,-106.0
2349,-109.0
2350,-167.0
2351,-87.0
2352,-176.0
2353,-90.0
2354,-176.0
2355,-108.0
2356,-88.0
2357,-110.0
2358,-104.0
2359,-116.0
2360,-161.0
2361,-118.0
2362,-98.0
2363,-111.0
2364,-164.0
2365,-114.0
2366,-110.0
2367,-105.0
2368,-85.0
2369,-172.0
2370,-200.0
2371,-172.0
2372,-85.0
2373,-112.0
2374,-87.0
2375,-157.0
2376,-170.0
2377,-181.0
2378,-163.0
2379,-157.0
2380,-87.0
2381,-108.0
2382,-157.0
2383,-157.0
2384,-95.0
2385,-107.0
2386,-164.0
2387,-172.0
2388,-167.0
2389,-163.0
2390,-167.0
2391,-157.0
2392,-85.0
2393,-164.0
2394,-122.0
2395,-162.0
2396,-107.0
2397,-165.0
2398,-104.0
2399,-101.0
2400,-89.0
2401,-180.0
2402,-162.0
2403,-93.0
2404,-88.0
2405,-97.0
2406,-118.0
2407,-165.0
2408,-88.0
2409,-87.0
2410,-156.0
2411,-158.0
2412,-180.0
2413,-171.0
2414,-87.0
2415,-102.0
2416,-158.0
2417,-90.0
2418,-153.0
2419,-160.0
2420,-162.0
2421,-154.0
2422,-157.0
2423,-109.0
2424,-161.0
2425,-155.0
2426,-168.0
2427,-103.0
2428,-97.0
2429,-160.0
2430,-156.0
2431,-104.0
2432,-152.0
2433,-103.0
2434,-105.0
2435,-105.0
2436,-107.0
2437,-105.0
2438,-104.0
2439,-181.0
2440,-104.0
2441,-114.0
2442,-100.0
2443,-104.0
2444,-104.0
2445,-103.0
2446,-116.0
2447,-159.0
2448,-103.0
2449,-103.0
2450,-99.0
2451,-165.0
2452,-105.0
2453,-91.0
2454,-108.0
2455,-162.0
2456,-112.0
2457,-103.0
2458,-107.0
2459,-104.0
2460,-105.0
2461,-158.0
2462,-107.0
2463,-100.0
2464,-157.0
2465,-106.0
2466,-117.0
2467,-155.0
2468,-150.0
2469,-159.0
2470,-104.0
2471,-104.0
2472,-103.0
2473,-105.0
2474,-103.0
2475,-151.0
2476,-106.0
2477,-103.0
2478,-106.0
2479,-104.0
2480,-89.0
2481,-105.0
2482,-93.0
2483,-109.0
2484,-104.0
2485,-105.0
2486,-105.0
2487,-104.0
2488,-105.0
2489,-104.0
2490,-104.0
2491,-106.0
2492,-112.0
2493,-103.0
2494,-103.0
2495,-107.0
2496,-101.0
2497,-104.0
2498,-155.0
2499,-105.0
2500,-107.0
2501,-104.0
2502,-109.0
2503,-88.0
2504,-106.0
2505,-108.0
2506,-105.0
2507,-107.0
2508,-104.0
2509,-85.0
2510,-104.0
2511,-84.0
2512,-111.0
2513,-103.0
2514,-105.0
2515,-104.0
2516,-90.0
2517,-109.0
2518,-106.0
2519,-105.0
2520,-102.0
2521,-86.0
2522,-104.0
2523,-105.0
2524,-105.0
2525,-107.0
2526,-105.0
2527,-104.0
2528,-105.0
2529,-104.0
2530,-107.0
2531,-111.0
2532,-108.0
2533,-106.0
2534,-103.0
2535,-105.0
2536,-98.0
2537,-120.0
2538,-107.0
2539,-131.0
2540,-108.0
2541,-106.0
2542,-103.0
2543,-104.0
2544,-104.0
2545,-103.0
2546,-158.0
2547,-104.0
2548,-112.0
2549,-103.0
2550,-105.0
2551,-116.0
2552,-105.0
2553,-109.0
2554,-103.0
2555,-105.0
2556,-112.0
2557,-95.0
2558,-107.0
2559,-102.0
2560,-106.0
2561,-134.0
2562,-105.0
2563,-109.0
2564,-107.0
2565,-108.0
2566,-165.0
2567,-159.0
2568,-111.0
2569,-105.0
2570,-116.0
2571,-85.0
2572,-107.0
2573,-150.0
2574,-106.0
2575,-91.0
2576,-105.0
2577,-99.0
2578,-92.0
2579,-155.0
2580,-105.0
2581,-105.0
2582,-114.0
2583,-104.0
2584,-106.0
2585,-107.0
2586,-139.0
2587,-138.0
2588,-109.0
2589,-109.0
2590,-110.0
2591,-110.0
2592,-109.0
2593,-114.0
2594,-111.0
2595,-112.0
2596,-111.0
2597,-196.0
2598,-107.0
2599,-193.0
2600,-166.0
2601,-108.0
2602,-106.0
2603,-109.0
2604,-114.0
2605,-111.0
2606,-122.0
2607,-128.0
2608,-114.0
2609,-115.0
2610,-118.0
2611,-108.0
2612,-108.0
2613,-112.0
2614,-119.0
2615,-131.0
2616,-110.0
2617,-115.0
2618,-109.0
2619,-111.0
2620,-111.0
2621,-109.0
2622,-113.0
2623,-112.0
2624,-114.0
2625,-114.0
2626,-107.0
2627,-112.0
2628,-200.0
2629,-119.0
2630,-115.0
2631,-111.0
2632,-113.0
2633,-200.0
2634,-110.0
2635,-200.0
2636,-112.0
2637,-111.0
2638,-113.0
2639,-114.0
2640,-143.0
2641,-106.0
2642,-115.0
2643,-115.0
2644,-109.0
2645,-114.0
2646,-112.0
2647,-112.0
2648,-110.0
2649,-112.0
2650,-109.0
2651,-112.0
2652,-110.0
2653,-125.0
2654,-105.0
2655,-109.0
2656,-109.0
2657,-110.0
2658,-115.0
2659,-107.0
2660,-107.0
2661,-109.0
2662,-139.0
2663,-108.0
2664,-126.0
2665,-137.0
2666,-85.0
2667,-107.0
2668,-108.0
2669,-101.0
2670,-106.0
2671,-144.0
2672,-107.0
2673,-106.0
2674,-117.0
2675,-111.0
2676,-109.0
2677,-106.0
2678,-112.0
2679,-118.0
2680,-107.0
2681,-91.0
2682,-106.0
2683,-170.0
2684,-107.0
2685,-113.0
2686,-200.0
2687,-200.0
2688,-111.0
2689,-108.0
2690,-108.0
2691,-104.0
2692,-108.0
2693,-173.0
2694,-175.0
2695,-109.0
2696,-167.0
2697,-128.0
2698,-112.0
2699,-109.0
2700,-107.0
2701,-104.0
2702,-150.0
2703,-200.0
2704,-119.0
2705,-104.0
2706,-109.0
2707,-129.0
2708,-108.0
2709,-93.0
2710,-154.0
2711,-98.0
2712,-128.0
2713,-114.0
2714,-113.0
2715,-108.0
2716,-92.0
2717,-111.0
2718,-101.0
2719,-200.0
2720,-191.0
2721,-106.0
2722,-107.0
2723,-115.0
2724,-111.0
2725,-108.0
2726,-112.0
2727,-111.0
2728,-110.0
2729,-131.0
2730,-136.0
2731,-181.0
2732,-155.0
2733,-109.0
2734,-89.0
2735,-112.0
2736,-107.0
2737,-171.0
2738,-149.0
2739,-142.0
2740,-86.0
2741,-115.0
2742,-109.0
2743,-123.0
2744,-120.0
2745,-113.0
2746,-113.0
2747,-116.0
2748,-121.0
2749,-86.0
2750,-110.0
2751,-97.0
2752,-200.0
2753,-125.0
2754,-111.0
2755,-109.0
2756,-118.0
2757,-110.0
2758,-106.0
2759,-105.0
2760,-96.0
2761,-114.0
2762,-167.0
2763,-91.0
2764,-120.0
2765,-108.0
2766,-95.0
2767,-109.0
2768,-92.0
2769,-107.0
2770,-119.0
2771,-106.0
2772,-106.0
2773,-146.0
2774,-88.0
2775,-89.0
2776,-187.0
2777,-108.0
2778,-110.0
2779,-107.0
2780,-126.0
2781,-174.0
2782,-112.0
2783,-86.0
2784,-192.0
2785,-179.0
2786,-172.0
2787,-118.0
2788,-84.0
2789,-162.0
2790,-113.0
2791,-111.0
2792,-89.0
2793,-118.0
2794,-168.0
2795,-116.0
2796,-106.0
2797,-91.0
2798,-103.0
2799,-120.0
2800,-101.0
2801,-105.0
2802,-105.0
2803,-200.0
2804,-109.0
2805,-87.0
2806,-88.0
2807,-167.0
2808,-89.0
2809,-172.0
2810,-109.0
2811,-107.0
2812,-109.0
2813,-200.0
2814,-156.0
2815,-106.0
2816,-95.0
2817,-108.0
2818,-198.0
2819,-86.0
2820,-109.0
2821,-128.0
2822,-175.0
2823,-106.0
2824,-108.0
2825,-115.0
2826,-89.0
2827,-86.0
2828,-106.0
2829,-165.0
2830,-160.0
2831,-108.0
2832,-114.0
2833,-108.0
2834,-108.0
2835,-86.0
2836,-107.0
2837,-184.0
2838,-105.0
2839,-121.0
2840,-95.0
2841,-111.0
2842,-110.0
2843,-111.0
2844,-97.0
2845,-164.0
2846,-89.0
2847,-91.0
2848,-184.0
2849,-153.0
2850,-105.0
2851,-89.0
2852,-107.0
2853,-191.0
2854,-150.0
2855,-159.0
2856,-135.0
2857,-162.0
2858,-182.0
2859,-159.0
2860,-113.0
2861,-150.0
2862,-151.0
2863,-145.0
2864,-148.0
2865,-160.0
2866,-106.0
2867,-90.0
2868,-107.0
2869,-108.0
2870,-155.0
2871,-147.0
2872,-155.0
2873,-173.0
2874,-106.0
2875,-90.0
2876,-108.0
2877,-104.0
2878,-152.0
2879,-108.0
2880,-115.0
2881,-96.0
2882,-106.0
2883,-160.0
2884,-154.0
2885,-114.0
2886,-152.0
2887,-108.0
2888,-92.0
2889,-112.0
2890,-151.0
2891,-107.0
2892,-108.0
2893,-148.0
2894,-122.0
2895,-163.0
2896,-157.0
2897,-87.0
2898,-115.0
2899,-112.0
2900,-152.0
2901,-102.0
2902,-170.0
2903,-154.0
2904,-159.0
2905,-96.0
2906,-157.0
2907,-86.0
2908,-165.0
2909,-88.0
2910,-114.0
2911,-149.0
2912,-112.0
2913,-149.0
2914,-110.0
2915,-88.0
2916,-162.0
2917,-87.0
2918,-156.0
2919,-116.0
2920,-107.0
2921,-112.0
2922,-181.0
2923,-116.0
2924,-159.0
2925,-84.0
2926,-96.0
2927,-88.0
2928,-108.0
2929,-87.0
2930,-116.0
2931,-111.0
2932,-113.0
2933,-113.0
2934,-96.0
2935,-115.0
2936,-85.0
2937,-86.0
2938,-116.0
2939,-118.0
2940,-108.0
2941,-175.0
2942,-159.0
2943,-107.0
2944,-110.0
2945,-113.0
2946,-89.0
2947,-115.0
2948,-110.0
2949,-117.0
2950,-86.0
2951,-176.0
2952,-85.0
2953,-98.0
2954,-120.0
2955,-110.0
2956,-90.0
2957,-96.0
2958,-116.0
2959,-117.0
2960,-109.0
2961,-117.0
2962,-94.0
2963,-115.0
2964,-88.0
2965,-89.0
2966,-89.0
2967,-177.0
2968,-117.0
2969,-115.0
2970,-133.0
2971,-97.0
2972,-113.0
2973,-117.0
2974,-112.0
2975,-117.0
2976,-121.0
2977,-87.0
2978,-105.0
2979,-87.0
2980,-113.0
2981,-113.0
2982,-97.0
2983,-119.0
2984,-118.0
2985,-85.0
2986,-111.0
2987,-86.0
2988,-158.0
2989,-141.0
2990,-91.0
2991,-109.0
2992,-88.0
2993,-92.0
2994,-107.0
2995,-118.0
2996,-104.0
2997,-112.0
2998,-90.0
2999,-93.0
3000,-116.0
3001,-86.0
3002,-113.0
3003,-97.0
3004,-114.0
3005,-86.0
3006,-112.0
3007,-92.0
3008,-114.0
3009,-128.0
3010,-99.0
3011,-93.0
3012,-84.0
3013,-90.0
3014,-115.0
3015,-106.0
3016,-113.0
3017,-101.0
3018,-107.0
3019,-187.0
3020,-88.0
3021,-117.0
3022,-89.0
3023,-110.0
3024,-116.0
3025,-115.0
3026,-89.0
3027,-117.0
3028,-91.0
3029,-119.0
3030,-115.0
3031,-87.0
3032,-111.0
3033,-160.0
3034,-161.0
3035,-110.0
3036,-112.0
3037,-112.0
3038,-178.0
3039,-88.0
3040,-91.0
3041,-159.0
3042,-110.0
3043,-110.0
3044,-99.0
3045,-170.0
3046,-161.0
3047,-173.0
3048,-145.0
3049,-160.0
3050,-111.0
3051,-96.0
3052,-117.0
3053,-181.0
3054,-103.0
3055,-105.0
3056,-111.0
3057,-113.0
3058,-88.0
3059,-112.0
3060,-106.0
3061,-113.0
3062,-120.0
3063,-166.0
3064,-105.0
3065,-112.0
3066,-184.0
3067,-113.0
3068,-85.0
3069,-109.0
3070,-85.0
3071,-109.0
3072,-117.0
3073,-90.0
3074,-86.0
3075,-86.0
3076,-111.0
3077,-105.0
3078,-106.0
3079,-88.0
3080,-108.0
3081,-108.0
3082,-102.0
3083,-114.0
3084,-105.0
3085,-111.0
3086,-90.0
3087,-105.0
3088,-105.0
3089,-110.0
3090,-105.0
3091,-169.0
3092,-106.0
3093,-102.0
3094,-105.0
3095,-111.0
3096,-105.0
3097,-102.0
3098,-105.0
3099,-103.0
3100,-92.0
3101,-114.0
3102,-111.0
3103,-97.0
3104,-110.0
3105,-114.0
3106,-98.0
3107,-84.0
3108,-113.0
3109,-115.0
3110,-86.0
3111,-107.0
3112,-113.0
3113,-91.0
3114,-102.0
3115,-108.0
3116,-105.0
3117,-106.0
3118,-86.0
3119,-112.0
3120,-110.0
3121,-105.0
3122,-107.0
3123,-85.0
3124,-108.0
3125,-112.0
3126,-110.0
3127,-110.0
3128,-93.0
3129,-92.0
3130,-110.0
3131,-111.0
3132,-149.0
3133,-112.0
3134,-108.0
3135,-93.0
3136,-144.0
3137,-122.0
3138,-85.0
3139,-112.0
3140,-94.0
3141,-115.0
3142,-110.0
3143,-88.0
3144,-104.0
3145,-93.0
3146,-85.0
3147,-107.0
3148,-167.0
3149,-112.0
3150,-112.0
3151,-107.0
3152,-83.0
3153,-119.0
3154,-89.0
3155,-108.0
3156,-84.0
3157,-108.0
3158,-117.0
3159,-86.0
3160,-109.0
3161,-114.0
3162,-113.0
3163,-112.0
3164,-85.0
3165,-112.0
3166,-115.0
3167,-120.0
3168,-115.0
3169,-119.0
3170,-114.0
3171,-85.0
3172,-119.0
3173,-118.0
3174,-98.0
3175,-115.0
3176,-96.0
3177,-110.0
3178,-113.0
3179,-111.0
3180,-88.0
3181,-110.0
3182,-109.0
3183,-165.0
3184,-119.0
3185,-85.0
3186,-118.0
3187,-107.0
3188,-85.0
3189,-110.0
3190,-88.0
3191,-167.0
3192,-168.0
3193,-103.0
3194,-112.0
3195,-110.0
3196,-150.0
3197,-111.0
3198,-101.0
3199,-119.0
3200,-89.0
3201,-118.0
3202,-176.0
3203,-105.0
3204,-95.0
3205,-99.0
3206,-150.0
3207,-105.0
3208,-110.0
3209,-87.0
3210,-88.0
3211,-95.0
3212,-113.0
3213,-110.0
3214,-106.0
3215,-101.0
3216,-150.0
3217,-108.0
3218,-110.0
3219,-156.0
3220,-125.0
3221,-156.0
3222,-107.0
3223,-159.0
3224,-154.0
3225,-106.0
3226,-108.0
3227,-85.0
3228,-105.0
3229,-148.0
3230,-147.0
3231,-97.0
3232,-100.0
3233,-150.0
3234,-122.0
3235,-146.0
3236,-122.0
3237,-146.0
3238,-104.0
3239,-153.0
3240,-105.0
3241,-111.0
3242,-144.0
3243,-120.0
3244,-124.0
3245,-127.0
3246,-108.0
3247,-151.0
3248,-150.0
3249,-83.0
3250,-127.0
3251,-113.0
3252,-119.0
3253,-106.0
3254,-103.0
3255,-98.0
3256,-117.0
3257,-143.0
3258,-144.0
3259,-103.0
3260,-109.0
3261,-141.0
3262,-95.0
3263,-141.0
3264,-146.0
3265,-146.0
3266,-149.0
3267,-155.0
3268,-148.0
3269,-170.0
3270,-146.0
3271,-141.0
3272,-154.0
3273,-110.0
3274,-146.0
3275,-92.0
3276,-142.0
3277,-83.0
3278,-143.0
3279,-88.0
3280,-144.0
3281,-90.0
3282,-140.0
3283,-84.0
3284,-145.0
3285,-126.0
3286,-92.0
3287,-111.0
3288,-148.0
3289,-93.0
3290,-112.0
3291,-112.0
3292,-84.0
3293,-143.0
3294,-149.0
3295,-145.0
3296,-93.0
3297,-152.0
3298,-148.0
3299,-143.0
3300,-164.0
3301,-90.0
3302,-88.0
3303,-92.0
3304,-155.0
3305,-147.0
3306,-163.0
3307,-151.0
3308,-145.0
3309,-148.0
3310,-83.0
3311,-162.0
3312,-162.0
3313,-157.0
3314,-87.0
3315,-191.0
3316,-167.0
3317,-127.0
3318,-158.0
3319,-90.0
3320,-111.0
3321,-94.0
3322,-99.0
3323,-84.0
3324,-91.0
3325,-146.0
3326,-162.0
3327,-91.0
3328,-113.0
3329,-84.0
3330,-108.0
3331,-93.0
3332,-90.0
3333,-159.0
3334,-88.0
3335,-156.0
3336,-107.0
3337,-153.0
3338,-177.0
3339,-108.0
3340,-165.0
3341,-176.0
3342,-89.0
3343,-90.0
3344,-165.0
3345,-171.0
3346,-175.0
3347,-177.0
3348,-87.0
3349,-106.0
3350,-110.0
3351,-166.0
3352,-110.0
3353,-85.0
3354,-173.0
3355,-115.0
3356,-173.0
3357,-97.0
3358,-87.0
3359,-175.0
3360,-118.0
3361,-186.0
3362,-183.0
3363,-169.0
3364,-85.0
3365,-173.0
3366,-171.0
3367,-200.0
3368,-187.0
3369,-92.0
3370,-84.0
3371,-181.0
3372,-151.0
3373,-88.0
3374,-200.0
3375,-115.0
3376,-159.0
3377,-90.0
3378,-99.0
3379,-155.0
3380,-88.0
3381,-200.0
3382,-113.0
3383,-87.0
3384,-161.0
3385,-160.0
3386,-94.0
3387,-91.0
3388,-157.0
3389,-158.0
3390,-157.0
3391,-184.0
3392,-94.0
3393,-163.0
3394,-93.0
3395,-160.0
3396,-162.0
3397,-165.0
3398,-167.0
3399,-175.0
3400,-167.0
3401,-105.0
3402,-183.0
3403,-98.0
3404,-161.0
3405,-164.0
3406,-166.0
3407,-116.0
3408,-107.0
3409,-89.0
3410,-86.0
3411,-102.0
3412,-100.0
3413,-89.0
3414,-166.0
3415,-173.0
3416,-98.0
3417,-166.0
3418,-128.0
3419,-163.0
3420,-161.0
3421,-161.0
3422,-158.0
3423,-154.0
3424,-89.0
3425,-160.0
3426,-110.0
3427,-113.0
3428,-160.0
3429,-172.0
3430,-127.0
3431,-168.0
3432,-89.0
3433,-113.0
3434,-112.0
3435,-151.0
3436,-156.0
3437,-109.0
3438,-190.0
3439,-112.0
3440,-93.0
3441,-178.0
3442,-165.0
3443,-165.0
3444,-154.0
3445,-156.0
3446,-175.0
3447,-107.0
3448,-159.0
3449,-163.0
3450,-167.0
3451,-93.0
3452,-116.0
3453,-176.0
3454,-87.0
3455,-156.0
3456,-93.0
3457,-176.0
3458,-92.0
3459,-162.0
3460,-180.0
3461,-163.0
3462,-200.0
3463,-200.0
3464,-195.0
3465,-151.0
3466,-175.0
3467,-94.0
3468,-143.0
3469,-161.0
3470,-97.0
3471,-121.0
3472,-100.0
3473,-156.0
3474,-166.0
3475,-176.0
3476,-182.0
3477,-179.0
3478,-176.0
3479,-162.0
3480,-92.0
3481,-169.0
3482,-171.0
3483,-173.0
3484,-87.0
3485,-158.0
3486,-116.0
3487,-200.0
3488,-86.0
3489,-170.0
3490,-85.0
3491,-169.0
3492,-158.0
3493,-99.0
3494,-111.0
3495,-105.0
3496,-164.0
3497,-161.0
3498,-85.0
3499,-149.0
3500,-147.0
3501,-113.0
3502,-124.0
3503,-110.0
3504,-103.0
3505,-108.0
3506,-172.0
3507,-151.0
3508,-112.0
3509,-112.0
3510,-151.0
3511,-86.0
3512,-111.0
3513,-89.0
3514,-106.0
3515,-108.0
3516,-108.0
3517,-106.0
3518,-86.0
3519,-149.0
3520,-151.0
3521,-150.0
3522,-85.0
3523,-106.0
3524,-158.0
3525,-108.0
3526,-110.0
3527,-105.0
3528,-87.0
3529,-85.0
3530,-106.0
3531,-151.0
3532,-106.0
3533,-152.0
3534,-111.0
3535,-104.0
3536,-111.0
3537,-86.0
3538,-149.0
3539,-131.0
3540,-109.0
3541,-109.0
3542,-85.0
3543,-109.0
3544,-104.0
3545,-116.0
3546,-107.0
3547,-114.0
3548,-147.0
3549,-109.0
3550,-107.0
3551,-113.0
3552,-114.0
3553,-89.0
3554,-108.0
3555,-84.0
3556,-119.0
3557,-119.0
3558,-109.0
3559,-113.0
3560,-159.0
3561,-114.0
3562,-116.0
3563,-106.0
3564,-113.0
3565,-150.0
3566,-104.0
3567,-118.0
3568,-109.0
3569,-114.0
3570,-101.0
3571,-87.0
3572,-114.0
3573,-164.0
3574,-110.0
3575,-89.0
3576,-119.0
3577,-92.0
3578,-110.0
3579,-159.0
3580,-114.0
3581,-125.0
3582,-107.0
3583,-106.0
3584,-112.0
3585,-116.0
3586,-111.0
3587,-200.0
3588,-123.0
3589,-127.0
3590,-114.0
3591,-125.0
3592,-113.0
3593,-111.0
3594,-105.0
3595,-108.0
3596,-118.0
3597,-116.0
3598,-117.0
3599,-124.0
3600,-119.0
3601,-113.0
3602,-116.0
3603,-117.0
3604,-130.0
3605,-200.0
3606,-127.0
3607,-116.0
3608,-125.0
3609,-142.0
3610,-200.0
3611,-200.0
3612,-200.0
3613,-200.0
3614,-130.0
3615,-119.0
3616,-121.0
3617,-200.0
3618,-127.0
3619,-200.0
3620,-200.0
3621,-200.0
3622,-200.0
3623,-200.0
3624,-120.0
3625,-120.0
3626,-119.0
3627,-200.0
3628,-200.0
3629,-200.0
3630,-121.0
3631,-124.0
3632,-120.0
3633,-200.0
3634,-128.0
3635,-200.0
3636,-200.0
3637,-200.0
3638,-200.0
3639,-200.0
3640,-143.0
3641,-200.0
3642,-122.0
3643,-125.0
3644,-200.0
3645,-200.0
3646,-128.0
3647,-124.0
3648,-200.0
3649,-123.0
3650,-139.0
3651,-125.0
3652,-200.0
3653,-129.0
3654,-125.0
3655,-135.0
3656,-120.0
3657,-200.0
3658,-124.0
3659,-129.0
3660,-125.0
3661,-120.0
3662,-200.0
3663,-200.0
3664,-200.0
3665,-126.0
3666,-129.0
3667,-124.0
3668,-125.0
3669,-130.0
3670,-130.0
3671,-200.0
3672,-126.0
3673,-125.0
3674,-124.0
3675,-128.0
3676,-200.0
3677,-200.0
3678,-126.0
3679,-200.0
3680,-127.0
3681,-135.0
3682,-128.0
3683,-123.0
3684,-200.0
3685,-200.0
3686,-131.0
3687,-125.0
3688,-120.0
3689,-129.0
3690,-131.0
3691,-125.0
3692,-124.0
3693,-126.0
3694,-130.0
3695,-125.0
3696,-123.0
3697,-200.0
3698,-124.0
3699,-125.0
3700,-200.0
3701,-122.0
3702,-122.0
3703,-117.0
3704,-121.0
3705,-145.0
3706,-200.0
3707,-118.0
3708,-123.0
3709,-113.0
3710,-117.0
3711,-124.0
3712,-118.0
3713,-120.0
3714,-124.0
3715,-120.0
3716,-116.0
3717,-123.0
3718,-117.0
3719,-118.0
3720,-119.0
3721,-111.0
3722,-95.0
3723,-93.0
3724,-120.0
3725,-125.0
3726,-123.0
3727,-116.0
3728,-88.0
3729,-123.0
3730,-119.0
3731,-117.0
3732,-113.0
3733,-94.0
3734,-121.0
3735,-121.0
3736,-113.0
3737,-109.0
3738,-119.0
3739,-120.0
3740,-166.0
3741,-116.0
3742,-118.0
3743,-116.0
3744,-116.0
3745,-91.0
3746,-136.0
3747,-90.0
3748,-137.0
3749,-121.0
3750,-125.0
3751,-120.0
3752,-118.0
3753,-113.0
3754,-112.0
3755,-121.0
3756,-117.0
3757,-94.0
3758,-129.0
3759,-114.0
3760,-124.0
3761,-145.0
3762,-117.0
3763,-112.0
3764,-109.0
3765,-149.0
3766,-117.0
3767,-103.0
3768,-119.0
3769,-117.0
3770,-135.0
3771,-114.0
3772,-142.0
3773,-113.0
3774,-122.0
3775,-113.0
3776,-126.0
3777,-138.0
3778,-163.0
3779,-138.0
3780,-115.0
3781,-119.0
3782,-118.0
3783,-123.0
3784,-129.0
3785,-110.0
3786,-143.0
3787,-136.0
3788,-124.0
3789,-112.0
3790,-117.0
3791,-136.0
3792,-112.0
3793,-116.0
3794,-119.0
3795,-143.0
3796,-117.0
3797,-136.0
3798,-123.0
3799,-114.0
3800,-115.0
3801,-137.0
3802,-138.0
3803,-148.0
3804,-154.0
3805,-121.0
3806,-149.0
3807,-169.0
3808,-162.0
3809,-153.0
3810,-95.0
3811,-161.0
3812,-140.0
3813,-157.0
3814,-119.0
3815,-109.0
3816,-160.0
3817,-150.0
3818,-149.0
3819,-163.0
3820,-152.0
3821,-102.0
3822,-167.0
3823,-106.0
3824,-196.0
3825,-171.0
3826,-142.0
3827,-160.0
3828,-156.0
3829,-181.0
3830,-145.0
3831,-88.0
3832,-157.0
3833,-164.0
3834,-159.0
3835,-164.0
3836,-154.0
3837,-160.0
3838,-148.0
3839,-149.0
3840,-170.0
3841,-155.0
3842,-158.0
3843,-161.0
3844,-144.0
3845,-157.0
3846,-164.0
3847,-147.0
3848,-159.0
3849,-154.0
3850,-105.0
3851,-165.0
3852,-164.0
3853,-165.0
3854,-170.0
3855,-101.0
3856,-171.0
3857,-170.0
3858,-162.0
3859,-151.0
3860,-169.0
3861,-170.0
3862,-148.0
3863,-171.0
3864,-144.0
3865,-193.0
3866,-150.0
3867,-153.0
3868,-141.0
3869,-170.0
3870,-163.0
3871,-142.0
3872,-145.0
3873,-146.0
3874,-174.0
3875,-90.0
3876,-143.0
3877,-179.0
3878,-165.0
3879,-171.0
3880,-160.0
3881,-174.0
3882,-162.0
3883,-152.0
3884,-138.0
3885,-164.0
3886,-143.0
3887,-167.0
3888,-169.0
3889,-137.0
3890,-172.0
3891,-159.0
3892,-141.0
3893,-167.0
3894,-138.0
3895,-144.0
3896,-145.0
3897,-150.0
3898,-138.0
3899,-165.0
3900,-143.0
3901,-157.0
3902,-145.0
3903,-159.0
3904,-138.0
3905,-178.0
3906,-160.0
3907,-90.0
3908,-143.0
3909,-148.0
3910,-143.0
3911,-170.0
3912,-171.0
3913,-183.0
3914,-134.0
3915,-159.0
3916,-162.0
3917,-172.0
3918,-92.0
3919,-135.0
3920,-84.0
3921,-168.0
3922,-142.0
3923,-138.0
3924,-95.0
3925,-114.0
3926,-106.0
3927,-137.0
3928,-131.0
3929,-138.0
3930,-88.0
3931,-168.0
3932,-85.0
3933,-169.0
3934,-133.0
3935,-139.0
3936,-137.0
3937,-176.0
3938,-87.0
3939,-86.0
3940,-172.0
3941,-88.0
3942,-113.0
3943,-92.0
3944,-105.0
3945,-135.0
3946,-179.0
3947,-134.0
3948,-96.0
3949,-140.0
3950,-188.0
3951,-132.0
3952,-138.0
3953,-87.0
3954,-94.0
3955,-138.0
3956,-156.0
3957,-87.0
3958,-88.0
3959,-135.0
3960,-96.0
3961,-141.0
3962,-135.0
3963,-132.0
3964,-134.0
3965,-131.0
3966,-112.0
3967,-137.0
3968,-91.0
3969,-141.0
3970,-134.0
3971,-133.0
3972,-138.0
3973,-133.0
3974,-89.0
3975,-185.0
3976,-90.0
3977,-128.0
3978,-144.0
3979,-136.0
3980,-140.0
3981,-107.0
3982,-167.0
3983,-144.0
3984,-132.0
3985,-93.0
3986,-143.0
3987,-135.0
3988,-133.0
3989,-100.0
3990,-136.0
3991,-97.0
3992,-141.0
3993,-99.0
3994,-142.0
3995,-135.0
3996,-138.0
3997,-99.0
3998,-137.0
3999,-126.0
4000,-145.0
